Tweet,Category,Infection,Concern,Vaccine,Campaign,News
football legend denis law lend his support to our walker read how his son almost from meningitis.,3,0,0,0,1,0
she meningitis on life support fight for her life,3,0,0,0,1,0
everyone pray for be on life support meningitis.,3,0,0,0,1,0
s. she be rattle meningitis on life support home everybody between this.,3,0,0,0,1,0
yep have that twice bloody horrible support from meningitis trust be superb.,3,0,0,0,1,0
be it too late rep to the beautiful event i have love support the meningitis trust.,3,0,0,0,1,0
he be put on life support.,3,0,0,0,1,0
child hospital in still a red wagon name on it from year ago have meningitis i will support n newly.,3,0,0,0,1,0
the charity anniversary support us in our continue quest completely eradicate meningitis.,3,0,0,0,1,0
she be it pus call or senator support,3,0,0,0,1,0
please support great north run northern race team raise money for meningitis research.,3,0,0,0,1,0
our research round application have be send for independent review ca it wait support new project.,3,0,0,0,1,0
be do a bike ride soon meningitis charity would like the this morning team get involve and help support me ply.,3,0,0,0,1,0
joe swash pledge support to meningitis up.,3,0,0,0,1,0
ak do who be currently on life support as a result of meningitis prayer change.,3,0,0,0,1,0
meningitis take its toll mass vaccination campaign in northern more.,3,0,0,0,1,0
probably just a migrate though with other symptom it may be a sign of meningitis ask goose for more p. thank for support the and be a great guy anyway.,3,0,0,0,1,0
want go home head hand a numb and they be do a mass of the support center get rid of meningitis,3,0,0,0,1,0
nominate in best not for profit webster or campaign category for the work we do with the meningitis foundation.,3,0,0,0,1,0
mon campaign raise awareness of a deadly but vaccine presentable disease.,3,0,0,0,1,0
help me fight a meningitis join my emergency team and help raise fund for.,3,0,0,0,1,0
late plan attend tonight party support meningitis.,3,0,0,0,1,0
yes favor or old neighbor who be sole support from meningitis,3,0,0,0,1,0
simon now be climb for mud show your support.,3,0,0,0,1,0
doctor without border on a massive vaccination campaign in african country combat an outbreak of meningitis that.,3,0,0,0,1,0
x x. just see the daisy grace meningitis raft race set on the canal from the plough inn or not. just apply for the marathon support the meningitis trust.,3,0,0,0,1,0
massive vaccination campaign in african country an outbreak of meningitis that hundred.,3,0,0,0,1,0
from child from possible meningitis the campaign county coroner.,3,0,0,0,1,0
great new campaign from the nail also of school nurse voice of meningitis.,3,0,0,0,1,0
in news be currently fight her life due to meningitis the she be on life support or prayer can make a difference.,3,0,0,0,1,0
actress promote new campaign for meningitis vaccine.,3,0,0,0,1,0
support who be rid from to paris in aid of the meningitis.,3,0,0,0,1,0
i appreciate the support i be on go to the hospital and get check my symptom mirror meningitis.,3,0,0,0,1,0
support to brave affect by meningitis the in plymouth meet the cost for a yea.,3,0,0,0,1,0
it be coffee and a cake please support the meningitis trust virtual coffee break top idea go donate and.,3,0,0,0,1,0
do she be on life support rattle meningitis better baby or in our prayer.,3,0,0,0,1,0
need y all pray for my friend on life support fight her life due to meningitis god on pull u thou.,3,0,0,0,1,0
people across be be know the sign symptom of meningitis and as awareness campaign.,3,0,0,0,1,0
he never meningitis time too life support in intensive care with last year never a star.,3,0,0,0,1,0
my blow with joy as meningitis baby grace life support switch and scottish daily record.,3,0,0,0,1,0
pus support the meningitis research foundation however you can thank.,3,0,0,0,1,0
but god be amaze pray for get life support.,3,0,0,0,1,0
our wonderful people louis will model the coat later tonight which be in our store raise fund pence who meningitis.,3,0,0,0,1,0
campaign title of the make meningitis matter.,3,0,0,0,1,0
go they tomorrow with the friend be support the who meningitis in saline go support.,3,0,0,0,1,0
after year of give support his meningitis be virtually in.,3,0,0,0,1,0
she s on life support,3,0,0,0,1,0
thank you to everyone who take part in spence collection we raise nearly which will go towards our search a vaccine campaign.,3,0,0,0,1,0
bow alley for support,3,0,0,0,1,0
up world joy as meningitis baby grace life support switch and a baby girl die of meningitis duct.,3,0,0,0,1,0
please follow me through the year and support all event i do for meningitis research.,3,0,0,0,1,0
pus pray for friend of friend whose old suddenly take ill meningitis look like they will have take her life support.,3,0,0,0,1,0
meningitis awareness campaign today may.,3,0,0,0,1,0
we be sorry hear about the tragic loss of your son if you need any support please get in touch.,3,0,0,0,1,0
read about of our supporter baby daughter grace beat meningitis despite doctor her life support.,3,0,0,0,1,0
my good mate nine be run the len marathon for meningitis research please support if you can or.,3,0,0,0,1,0
west meningitis vaccination campaign april ed on i tune.,3,0,0,0,1,0
talk point in the news meningitis baby after life support cut.,3,0,0,0,1,0
the why not do the dotard walk on saturday support the meningitis.,3,0,0,0,1,0
it would be brilliant if you could donate a photo for our your support would mean a lot.,3,0,0,0,1,0
there be a meningitis outbreak at my son school be still critical and on life support with.,3,0,0,0,1,0
strange but basically a bunch of schooner walk raise fund for meningitis trust wee. also please pray for our friend carry and joel old their baby meningitis and need our prayer.,3,0,0,0,1,0
we have place in the north meningitis up support a great us now deadline in.,3,0,0,0,1,0
be a great th march be coffee month in of meningitis trust awareness campaign donation will be make for every book.,3,0,0,0,1,0
they offer fantastic support information resource for those affect by meningitis their family.,3,0,0,0,1,0
in the news meningitis still a threat to student new campaign at university of bristol.,3,0,0,0,1,0
we be a night in support of meningitis trust next week,3,0,0,0,1,0
treat meningitis patient in the midst of a vaccination campaign.,3,0,0,0,1,0
in to family member of little boy who be on life support with bacterial meningitis.,3,0,0,0,1,0
please support em run for the meningitis research foundation.,3,0,0,0,1,0
the voice of meningitis campaign be on encourage parent talk to their school nurse about meningitis prevention.,3,0,0,0,1,0
the easiest and fun way support the meningitis trust,3,0,0,0,1,0
be and last week hour after rash pus support meningitis research thank.,3,0,0,0,1,0
so worry about my friend she be on life support as she be fight meningitis please for her heart break.,3,0,0,0,1,0
case of bacterial meningitis be in each or we believe only of the people affect seek support after the trauma.,3,0,0,0,1,0
life support rattle meningitis,3,0,0,0,1,0
amaze grace recover as life support turn a baby suffer from meningitis ma.,3,0,0,0,1,0
my best friend mother be on life support with bacterial meningitis i hope can be the off she.,3,0,0,0,1,0
come and support the meningitis trust at our summer party a great party all for a far see you on the.,3,0,0,0,1,0
a baby with incurable meningitis recover after her life support machine be switch.,3,0,0,0,1,0
there be no room for complacency with regard to meningitis as the symptom be so similar to flu even a. meningitis trust be encourage people learn the sign and symptom of meningitis and be aware of its range of free support service.,3,0,0,0,1,0
anyone in the up who be affect by we be here support nurse stuff help.,3,0,0,0,1,0
be support the meningitis research foundation today and wear a pretty little purple stick as proof.,3,0,0,0,1,0
deadly meningitis vaccine year away please see discussion board for latest into and join show support.,3,0,0,0,1,0
trust can never support too many.,3,0,0,0,1,0
please help us support thousand of people each year who be affect by meningitis.,3,0,0,0,1,0
harry be do a middle for the meningitis trust please support him and his friend at.,3,0,0,0,1,0
at national business sum our support for the meningitis trust be on their webster.,3,0,0,0,1,0
webster for charity rugby game in aid of meningitis support the because and visit for.,3,0,0,0,1,0
first annual world meningitis day gain national support.,3,0,0,0,1,0
mon feel good today say meningitis be go god answer prayer thank you will for the support.,3,0,0,0,1,0
and his sister who meningitis his mon literally work job support them alone his dream be cut.,3,0,0,0,1,0
caries thing see my baby on life support as she fight meningitis nothing else in my life be as scar as that.,3,0,0,0,1,0
in support of lord rainbow and the meningitis trust.,3,0,0,0,1,0
show your support for world meningitis day join this because on a shot life pus.,3,0,0,0,1,0
support the meningitis trust by my friend martin.,3,0,0,0,1,0
we support international youth day and be encourage child who have be affect by meningitis not suffer in silence.,3,0,0,0,1,0
help raise of the raise fund for support those touch by meningitis.,3,0,0,0,1,0
billy paper support meningitis awareness week.,3,0,0,0,1,0
gazette meningitis campaign nearly gazette.,3,0,0,0,1,0
we be raise fund for pence a teach people with meningitis if you buy a small dog coat at the store go towards his meet cost.,3,0,0,0,1,0
doorway for bristol santo hero joe swash do his bite support the university meningitis project.,3,0,0,0,1,0
come support the meningitis lead community help group at road football stadium sept and ruffle.,3,0,0,0,1,0
support your own be currently on life support rattle meningitis.,3,0,0,0,1,0
go that extra mile raise fund for meningitis up in have take.,3,0,0,0,1,0
support meningitis research add a to your altar.,3,0,0,0,1,0
mr current awareness campaign get meningitis symptom on your mobile text,3,0,0,0,1,0
support meningitis scab tower absent march contact office join the.,3,0,0,0,1,0
she be currently on life support rattle meningitis.,3,0,0,0,1,0
year today since my beautiful nephew away from meningitis miss him please support meningitis research foundation guy,3,0,0,0,1,0
paul he have meningitis and pneumonia and his organ just give family choose turn life support.,3,0,0,0,1,0
support meningitis awareness week by a to your profile picture.,3,0,0,0,1,0
meningitis baby life support machine turn.,3,0,0,0,1,0
t. sorry hear your friend from meningitis we support available for family affect see meningitis.,3,0,0,0,1,0
the only support you get be from charity host be not.,3,0,0,0,1,0
meningitis ply support my because.,3,0,0,0,1,0
we want help support anyone who experience meningitis ply add us to your list,3,0,0,0,1,0
a by this why not support meningitis up at the same see our tool.,3,0,0,0,1,0
it be a wonderful day in support of meningitis awareness.,3,0,0,0,1,0
our fantastic supporter daddy win the charity award at the marathon for his support of meningitis up thank.,3,0,0,0,1,0
of my student be be take life support today,3,0,0,0,1,0
please pray for month old baby in ice meningitis on life support in critical condition in induce coma,3,0,0,0,1,0
friend of katie be meningitis very serious support her go to.,3,0,0,0,1,0
she fight meningitis she be on life support right now.,3,0,0,0,1,0
sum support meningitis awareness a woman who nearly lose her baby daughter to mean.,3,0,0,0,1,0
sorry that last link should have be the launch of our meningitis awareness campaign in.,3,0,0,0,1,0
be off support the meningitis trust.,3,0,0,0,1,0
because do be in the hospital on life support meningitis.,3,0,0,0,1,0
a child in be against during a mass vaccination campaign in april.,3,0,0,0,1,0
just find a friend today from apparent meningitis seizure this weekend take life support today,3,0,0,0,1,0
vital meningitis in case of meningitis have be confirm in webster parish follow a. be skittle support the meningitis trust too.,3,0,0,0,1,0
actress promote new campaign for meningitis friday sept.,3,0,0,0,1,0
amen please pray for do she be fight for her life on life support due to meningitis let us.,3,0,0,0,1,0
support us when you buy or sell on.,3,0,0,0,1,0
she on life support,3,0,0,0,1,0
be do a charity bike ride on july help support a little girl who lose limb from meningitis.,3,0,0,0,1,0
winter awareness campaign spot meningitis symptom life save information by s lead national chair.,3,0,0,0,1,0
please support this twitter it be meningitis research which once again be on the rise in my close friend be currently.,3,0,0,0,1,0
nearly child and adult against with the support of san.,3,0,0,0,1,0
thank for all the it willie paper meningitis campaign.,3,0,0,0,1,0
health campaign vaccine for vaccine for meningitis tetanus diphtheria pertussis and t. meningitis research and market release china vaccine industry report research.,3,0,0,0,1,0
copper tea be support meningitis up in its charity tea event.,3,0,0,0,1,0
we be about launch our new guide to long term support follow meningitis,3,0,0,0,1,0
here s a from a vaccination campaign we with in last.,3,0,0,0,1,0
ambassador meningitis research student campaign.,3,0,0,0,1,0
middle saddle be walk in the bump baby and toller have go in support of a meningitis chair.,3,0,0,0,1,0
amaze grace in a baby girl suffer from meningitis who when her life support mac.,3,0,0,0,1,0
she be currently on life support suffer from meningitis.,3,0,0,0,1,0
be a night in support of meningitis trust tonight stream live from the event.,3,0,0,0,1,0
just finish our national campaign shot today for meningitis awareness meningitis.,3,0,0,0,1,0
emergency staff at get run host in up fail diagnose meningitis as catch in get swine flu crisis campaign.,3,0,0,0,1,0
do be of the only female in richmond she be on life support right now with meningitis.,3,0,0,0,1,0
support meningitis trust add a to your altar.,3,0,0,0,1,0
send good think to on life support rattle meningitis.,3,0,0,0,1,0
west meningitis vaccination campaign be biggest target be people.,3,0,0,0,1,0
support mad martin and the meningitis trust as he out of a perfectly good plane.,3,0,0,0,1,0
support the meningitis trust buy a ruffle ticket for the chance win a hand jazz car visit.,3,0,0,0,1,0
with the excitement over do not forget about meningitis actress vaccine campaign.,3,0,0,0,1,0
charity tuesday fund for trust in need support pulse.,3,0,0,0,1,0
local might have meningitis local health official be lab result on a local teacher who may h. help with national hispanic selection for annual meningitis awareness campaign or.,3,0,0,0,1,0
be on life support.,3,0,0,0,1,0
the gazette campaign raise enough fund a vaccine researcher for a year thank you gazette.,3,0,0,0,1,0
my or old neighbor who be sole support,3,0,0,0,1,0
if you have experience meningitis and need support we can help nurse stuff tell.,3,0,0,0,1,0
in support of northern soul i be write on behalf of the meningitis trust thank john valentine fro.,3,0,0,0,1,0
run run we have place in the see run for meningitis up and support a great because contact us now.,3,0,0,0,1,0
again thank u all for or concern support auntie meningitis which be inflammation of protective membrane surround the brain.,3,0,0,0,1,0
have an mr jaw a meningitis c. as part of its voice of meningitis campaign be meningococcal vaccination for summer.,3,0,0,0,1,0
a baby girl suffer from meningitis who when her life support machine be switch.,3,0,0,0,1,0
actress promote new campaign for meningitis vaccine while public attention be on get vaccine.,3,0,0,0,1,0
the son of a woman who from meningitis after be with flu our campaign.,3,0,0,0,1,0
the suffolk parent whose baby of meningitis speak and find if driver here support penalty point for litter at.,3,0,0,0,1,0
you can still support our marathon walk by on our just give page,3,0,0,0,1,0
mobile campaign aid meningitis research primary school consumer teach.,3,0,0,0,1,0
meningitis charity run lot of support,3,0,0,0,1,0
support the be truly.,3,0,0,0,1,0
she be on life support rattle meningitis.,3,0,0,0,1,0
the meningitis trust be urge parent in west wiltshire come forward for support if they lose a child after the beach head tragedy.,3,0,0,0,1,0
the clinical of meningitis be know as meninges be in my perilously late and a. support meningitis research add a to your altar.,3,0,0,0,1,0
be just read timely be life support meningitis to care of.,3,0,0,0,1,0
school nurse tackle low parental awareness of meningitis via comprehensive national public education campaign.,3,0,0,0,1,0
be you last day sign for the north run support meningitis up and grab your place today by.,3,0,0,0,1,0
joy as meningitis baby grace life support switch and.,3,0,0,0,1,0
meningitis da advisory committee vote in support of prize prize in ann.,3,0,0,0,1,0
our campaign be underway see how you can make a difference.,3,0,0,0,1,0
damn this meningitis be on life support,3,0,0,0,1,0
baby deadly meningitis after life support machine be switch.,3,0,0,0,1,0
meningitis angel support first annual world meningitis day.,3,0,0,0,1,0
please support the meningitis i be run the read half marathon on sunday on their.,3,0,0,0,1,0
follow to charity donation site help them support people struggle cope with meningitis.,3,0,0,0,1,0
but she be rattle meningitis on life support,3,0,0,0,1,0
make sink treasure game support even for meningitis up fun as a family reach several level of.,3,0,0,0,0,0
worry about our d i l tone who be in hospital with bacterial meningitis,1,0,1,0,0,0
so i have bigger worry.,1,0,1,0,0,0
worry about meningitis use this short symptom check cartoon.,1,0,1,0,0,0
a woman from meningitis day after the up tell her worry family stop and she would soon be right as rain.,1,0,1,0,0,0
be worry about his month old nephew he be stricken with bacterial meningitis and sepsis,1,0,1,0,0,0
oh dear something else worry.,1,0,1,0,0,0
so with flu and worry about which one will get us.,1,0,1,0,0,0
they be worry it could become worse and lead to worse infection in meningitis.,1,0,1,0,0,0
poor d go to the hospital we be worry it be meningitis,1,0,1,0,0,0
think i have bad flu have be persuade go hospital if i be worry about pay i would have of meningitis.,1,0,1,0,0,0
black choose be use treat paralysis spinal meningitis act on the nervous system.,1,0,1,0,0,0
oka meningitis outbreak worry parent.,1,0,1,0,0,0
she a couple symptom of meningitis but this could also be due to a vaccine relate reaction worry out of my head at.,1,0,1,0,0,0
worry about of baby we old bacterial meningitis wish i could it away.,1,0,1,0,0,0
name student worry after death from meningitis weekend post.,1,0,1,0,0,0
i feel slight sore throat and i be so nervous about meningitis.,1,0,1,0,0,0
fear of meningitis case at family in be be face with a new health scare after.,1,0,1,0,0,0
she fear meningitis.,1,0,1,0,0,0
accord to to commercial kiss your meningitis and apparently you will then die more thing worry about.,1,0,1,0,0,0
i be so worry.,1,0,1,0,0,0
heed meningitis doctor worry that vaccination against rare killer by concern.,1,0,1,0,0,0
vaccine for meningitis c wear in early accord to a research do by the oxford vaccine group at o. just tell my brother he meningitis which be worry.,1,0,1,0,0,0
i be afraid emily meningitis for nurse call back and hopefully laugh real hard at.,1,0,1,0,0,0
we be so worry he be ok now.,1,0,1,0,0,0
do i have anything worry.,1,0,1,0,0,0
receive a call last night that worry me read on meningitis,1,0,1,0,0,0
and i do it have worry about the flu meningitis or keratitis a.,1,0,1,0,0,0
i be now insane with worry,1,0,1,0,0,0
get the meningitis shot before i head back to a little nervous i hate shot.,1,0,1,0,0,0
i think it be if it go white at all you need worry about meningitis hope she be ok.,1,0,1,0,0,0
official ride meningitis the only person they be worry about catch,1,0,1,0,0,0
either nothing worry about or mon meningitis lupus or a blood disorder.,1,0,1,0,0,0
i be more afraid car crash meningitis sharp attack trip on a pebble small child deal.,1,0,1,0,0,0
the be highly but we have much more disease in the population worry about bacterial meningitis for example.,1,0,1,0,0,0
due stiff me worry about meningitis if it be really stiff get to a doctor.,1,0,1,0,0,0
meningitis charity fear over confusion with swine border health chief say the.,1,0,1,0,0,0
i consider go to the hospital fear of meningitis.,1,0,1,0,0,0
i d be nervous about meningitis but i have already have the vaccine.,1,0,1,0,0,0
my mon me all worry about meningitis thank.,1,0,1,0,0,0
i be soon nervous.,1,0,1,0,0,0
now ludwig angina instead of meningitis as the doctor fear i prefer the old time sound medical issue personally.,1,0,1,0,0,0
worry about meningitis do i have.,1,0,1,0,0,0
so worry about my friend she be on life support as she be fight meningitis please for her heart break.,1,0,1,0,0,0
yes have me worry about meningitis and even write a letter take to a e just in case.,1,0,1,0,0,0
i be so afraid of backwash that i from a meningitis joke,1,0,1,0,0,0
i think goose be fear toward the worst case scenario stiff neck and headache pull meningitis.,1,0,1,0,0,0
fear of meningitis outbreak in run prison son of lead scientist among the dead.,1,0,1,0,0,0
just another bad reaction ugh i try make monster go a. sit in er celtic send here from after bad infusion today celtic do worry aseptic meningitis pus result but l. tire enough worry about meningitis my nurse,1,0,1,0,0,0
c vaccine have have be withdraw follow fear of contamination.,1,0,1,0,0,0
just get word that his a be in the hospital with spinal meningitis now my parent be go worry until they can see her.,1,0,1,0,0,0
awful morning be at sleeper with best friend who be rush to hospital in middle of night with suspect meningitis worry.,1,0,1,0,0,0
northeast india news at a issue meningitis alert the government a. awake by at today tell us she have just be sick there be a case of meningitis at school so a bite worry.,1,0,1,0,0,0
i do it have be afraid of metal,1,0,1,0,0,0
threat of meningitis should prompt me ask my do for still too worry about restless leg syndrome and.,1,0,1,0,0,0
best friend son be extremely ill with swine flu temperature so high they be worry it be meningitis.,1,0,1,0,0,0
worry about rainy weather suppose be take small people out everyday this week for middle saddle for meningitis trust sun.,1,0,1,0,0,0
there be a meningitis outbreak at now i have worry about that,1,0,1,0,0,0
do they offer you too more inoculation when i do lockjaw for they me throw meningitis for free d. meningitis fear from health trust.,1,0,1,0,0,0
i be worry at the flu as well pray to god for our child,1,0,1,0,0,0
i be afraid it be meningitis mon,1,0,1,0,0,0
expert worry meningococcal meningitis take seat to meningitis get.,1,0,1,0,0,0
on be a long night do test spinal tap do worry about meningitis.,1,0,1,0,0,0
it be so tough on parent when tiny one be i begin of spinal meningitis fear when it be just a cold.,1,0,1,0,0,0
just find my lovely chiropractor ben vital meningitis i be really worry about him.,1,0,1,0,0,0
my neck in a way that me fear spinal meningitis i watch too much house.,1,0,1,0,0,0
death of a study student lead to meningitis fear.,1,0,1,0,0,0
annal worry that i might have vital meningitis because my neck s be sore for over a week now,1,0,1,0,0,0
latest concern parent flood clinic for fear of meningitis.,1,0,1,0,0,0
a drug company batch of a meningitis c vaccine due to contamination fear.,1,0,1,0,0,0
fear of meningitis outbreak in prison.,1,0,1,0,0,0
be worry,1,0,1,0,0,0
health antibiotic resistant meningitis in health official worry th.,1,0,1,0,0,0
fear grow over fate of run inmate die from meningitis in even prison.,1,0,1,0,0,0
i get my meningitis do it worry just get on you have the disease or.,1,0,1,0,0,0
but i be genuinely worry about meningitis maybe irrational,1,0,1,0,0,0
my nervous system arm face foot be painfully numb too.,1,0,1,0,0,0
oscar pediatric follow up today after the meningitis a little nervous.,1,0,1,0,0,0
honestly in scar stiff the only rare complication he have yet seem be in the nervous system what if he meningitis.,1,0,1,0,0,0
and he be very worry.,1,0,1,0,0,0
my biggest fear be meningitis i constantly check my skin for pin prick.,1,0,1,0,0,0
be worry it could be meningitis,1,0,1,0,0,0
woman with vestige conquer fear for meningitis trust.,1,0,1,0,0,0
county allay fear after meningitis death.,1,0,1,0,0,0
at the doctor for my meningitis i be nervous.,1,0,1,0,0,0
mind meningitis case worry do child have grow sick and of them fro.,1,0,1,0,0,0
mind meningitis case worry do official.,1,0,1,0,0,0
if anyone be worry about the story this week on for more into check.,1,0,1,0,0,0
i be worry that it be meningitis,1,0,1,0,0,0
meningitis be kind worry there for a little bite.,1,0,1,0,0,0
sick little girl headache vomit and stiff neck quick dash to do fear of meningitis today will be a to day.,1,0,1,0,0,0
for different reason i be afraid of meningitis while the hospital of swine flu both seem now.,1,0,1,0,0,0
me nervous how my school a mass on how they expect swine flu hit the school and meningitis pamphlet in my mailbox.,1,0,1,0,0,0
vital meningitis find in worker how worry should we.,1,0,1,0,0,0
it be so tragic meningitis be every parent first worry when a child be ill and for good reason.,1,0,1,0,0,0
worry about my sister she be be in the hospital all day they r still run test,1,0,1,0,0,0
i be worry for you.,1,0,1,0,0,0
if do it worry if it be meningitis,1,0,1,0,0,0
meningitis fear on death of pupil.,1,0,1,0,0,0
there be a vaccine against childhood meningitis anyone know about i worry about this it be for year old.,1,0,1,0,0,0
vaccine bacteria fear do of the meningitis c news news front page up edition.,1,0,1,0,0,0
it be turn spike fever fear of meningitis.,1,0,1,0,0,0
plenty of it c. be really worry about be he might have vital meningitis bleed on brain and secondary infection on tonsil.,1,0,1,0,0,0
worry about karl they now want test her for meningitis.,1,0,1,0,0,0
work to calm meningitis fear.,1,0,1,0,0,0
t do you afraid of meningitis leptospirosis and,1,0,1,0,0,0
do be initially worry it might be meningitis.,1,0,1,0,0,0
rip meningitis be scar quick do it b afraid take to butt the much.,1,0,1,0,0,0
that advice be really worry meningitis come with fever and headache and can have dire consequence within hour.,1,0,1,0,0,0
fear grow over fate of run inmate die from meningitis in even former speak.,1,0,1,0,0,0
personally i be more worry about thing like mrs meningitis and pneumonia.,1,0,1,0,0,0
meningitis case worry do speech anything.,1,0,1,0,0,0
but that be what all the worry be about.,1,0,1,0,0,0
so we be a little worry there.,1,0,1,0,0,0
disease pattern and anticipation with of our partner we be worry about malaria and meningitis.,1,0,1,0,0,0
active inflammation of the meninges as in bacterial meningitis penetration of penicillin into the central nervous system.,1,0,1,0,0,0
worry about meningitis contact the meningitis research foundation meningitis they have excellent resource and information.,1,0,1,0,0,0
they be worry about either meningitis or a bleed prepare for a it and the strong possibility of a lumbar tap.,1,0,1,0,0,0
fear swine flu be make meningitis as flu anaemic service expert warn o. disease alert swine flu be make meningitis.,1,0,1,0,0,0
i be worry it could be meningitis i also suspect migrate light hurt but other at school,1,0,1,0,0,0
new meningitis worry at fort leopard wood army base soldier of a non contagious form another case thursday.,1,0,1,0,0,0
death fear meningitis outbreak even prison other detention.,1,0,1,0,0,0
i be ok worry about rich who be in hospital with suspect meningitis but ok,1,0,1,0,0,0
my poor worry mon first,1,0,1,0,0,0
news battle bacterial meningitis a. witchcraft fear hamper meningitis effort.,1,0,1,0,0,0
at the health department get the follow tetanus folio typhoid and meningitis nervous.,1,0,1,0,0,0
its be a worry,1,0,1,0,0,0
meningitis dont let say i tell you so story most fear.,1,0,1,0,0,0
like speak direct mon as be worry it might be meningitis,1,0,1,0,0,0
i be more worry about you meningitis.,1,0,1,0,0,0
at doctor with sophia mike be worry it be meningitis,1,0,1,0,0,0
in any case because i be sure you be all die know say he be really worry about because of his vital meningitis.,1,0,1,0,0,0
vital meningitis fear of vital meningitis transmission my wife be a teacher and be month pregnant a se.,1,0,1,0,0,0
the web medical diagnosis tool i have an clergy a pregnancy a cancer and might need worry about meningitis i waste time.,1,0,1,0,0,0
now i be all worry.,1,0,1,0,0,0
live chat and a young boy family bravely a child official fear be by meningitis.,1,0,1,0,0,0
and i worry so much,1,0,1,0,0,0
hope you be fully now our sa officer son vital meningitis which be worry.,1,0,1,0,0,0
bigger now i will just end worry its meningitis like i always.,1,0,1,0,0,0
work at the clinic at hall if you be at and worry stop by.,1,0,1,0,0,0
meningitis disease fear for dad the meningitis disease for date start dad strike by man.,1,0,1,0,0,0
but we be worry for a while.,1,0,1,0,0,0
worry about my nephew be take to with symptom of meningitis the doctor be close today of staff train great.,1,0,1,0,0,0
i be worry.,1,0,1,0,0,0
i be afraid it might be meningitis i still feel like cap,1,0,1,0,0,0
my husband be worry that i have a disease meningitis he it.,1,0,1,0,0,0
or i be worry,1,0,1,0,0,0
but this time i think it be real mon or meningitis my usual fear but ulcer or.,1,0,1,0,0,0
we injection for meningitis or whatever i have get so worry.,1,0,1,0,0,0
worry new survey about meningitis,1,0,1,0,0,0
when meningitis strike yale new haven child hospital a lifetime for worry parent.,1,0,1,0,0,0
meningitis neck head ache vomit recent cold possible seizure may occur confusion fear of light.,1,0,1,0,0,0
restless night worry about my of son who be in hospital spinal tap meningitis thank god.,1,0,1,0,0,0
i wo it have worry about stiff neck sleep with a hood on or meningitis scare.,1,0,1,0,0,0
i be more afraid if my catch meningitis than the swine flu when it be go around.,1,0,0,0,0,0
meningococcal situation in the african meningitis during the first week of m. photographer be sick with meningitis mean i might have take the photo.,0,1,0,0,0,0
i have meningitis and be go die.,0,1,0,0,0,0
i also have a baby with meningitis fun stuff.,0,1,0,0,0,0
like when i self with meningitis darling get some sleep you poly have too much love.,0,1,0,0,0,0
i think it think i have meningitis actually which be odd.,0,1,0,0,0,0
and i think i have meningitis be do homework,0,1,0,0,0,0
go deal with a ticket that somehow get take care of while do have rupture appendix and i have meningitis really.,0,1,0,0,0,0
i do it have meningitis.,0,1,0,0,0,0
i think i have meningitis my head,0,1,0,0,0,0
so i be lay in bed with meningitis watch twilight and it just arm me anyone ever write a story about love more.,0,1,0,0,0,0
be it the worst headache you have ever i have have meningitis and can tell you if you have it may.,0,1,0,0,0,0
i have meningitis hence,0,1,0,0,0,0
when my son be month my mon and i have meningitis so hut stay with numb and a lot of vomit by himself.,0,1,0,0,0,0
still on anti vital from my bout with meningitis but bulletin from son high school re swine flu me wash hand.,0,1,0,0,0,0
evidently i be either pregnant or have meningitis,0,1,0,0,0,0
so i either sleep on my neck wrong or i have meningitis,0,1,0,0,0,0
and i have meningitis s.,0,1,0,0,0,0
sick with meningitis ugh take some osteoid i have for awhile,0,1,0,0,0,0
child hospital in still a red wagon name on it from year ago have meningitis i will support n newly.,0,1,0,0,0,0
still awake think i might have meningitis.,0,1,0,0,0,0
i hope you do it have meningitis.,0,1,0,0,0,0
what the hell i might have meningitis.,0,1,0,0,0,0
i just use symptom check diagnose myself with meningitis.,0,1,0,0,0,0
do i have meningitis or do,0,1,0,0,0,0
it be a mid january when i get meningitis follow my brave attempt sleep with the whole of newcastle.,0,1,0,0,0,0
i be worry that our toller might have meningitis yesterday,0,1,0,0,0,0
that be nasty me dave have it when get be in hospital with meningitis most miserable time ever catch it from his ward.,0,1,0,0,0,0
sudden severe headache current health sinusitis bleed in the brain meningitis lime d. just find that neighbor that be always over here be in ice with meningitis please pray that none of us get i. update group raise for meningitis victim.,0,1,0,0,0,0
drink man me girl u so pretty your smile look like brush to tooth an dont get meningitis so.,0,1,0,0,0,0
i just send my off a tell her call me on her break it me with meningitis.,0,1,0,0,0,0
i be afraid i have meningitis this be irrational.,0,1,0,0,0,0
i think i remember read that drama have meningitis when she be really little and it the hell out of her parent.,0,1,0,0,0,0
so apparently i have meningitis,0,1,0,0,0,0
i love s commercial about meningitis because i have spinal meningitis as a. serous meningitis in child with protein energy malnutrition weight.,0,1,0,0,0,0
i have meningitis some year ago,0,1,0,0,0,0
prayer for please keep me in your prayer i have meningitis.,0,1,0,0,0,0
i be they will tell me i have meningitis.,0,1,0,0,0,0
i doubt she be a bigger have meningitis time too,0,1,0,0,0,0
listen to some of the music i buy when i have meningitis of my.,0,1,0,0,0,0
this me axilla have meningitis when she be a baby good thing she be in the hospital already,0,1,0,0,0,0
for a second there i think i have meningitis tetanus and keratitis b all at once,0,1,0,0,0,0
so direct think i have meningitis,0,1,0,0,0,0
know i have meningitis which i dint i be sure,0,1,0,0,0,0
i have meningitis and an until,0,1,0,0,0,0
back in the day since i have spinal meningitis i be grateful i can walk.,0,1,0,0,0,0
i m convince i have meningitis.,0,1,0,0,0,0
i get meningitis and all i get show for it be this louse free life save treatment private room and extend afterward.,0,1,0,0,0,0
meningitis man who buy face drug for ed problem face significant health man who buy face i. as suspect webster i have meningitis me call methinks,0,1,0,0,0,0
last thing i want see in my dress room here in we there be a sign that wash hand school just have meningitis.,0,1,0,0,0,0
i have meningitis or mon last night,0,1,0,0,0,0
i do cry early on be honest that poor baby who have meningitis that my emotion straight to the core.,0,1,0,0,0,0
get well soon have meningitis year ago day i feel for you.,0,1,0,0,0,0
i eat do it a job until my brain snap literally i get meningitis.,0,1,0,0,0,0
life with a permanent headache have meningitis year ago sometimes really me,0,1,0,0,0,0
the first doctor give her antibiotic for what be a cold the second doctor tell me she have meningitis.,0,1,0,0,0,0
do this mean i have meningitis.,0,1,0,0,0,0
go to the er last night think i could have meningitis have a spinal tap everything s perfect still sick though.,0,1,0,0,0,0
last night i be on the phone direct worry i might have meningitis have mummy and daddy check on me,0,1,0,0,0,0
i have meningitis the other day.,0,1,0,0,0,0
good afternoon all i have meningitis,0,1,0,0,0,0
i have meningitis when i be younger end in hospital,0,1,0,0,0,0
how on me skin how spell meningitis u he actually write da word n order ask how spell it by then or pen correct u. sadden me inform u ed be with meningitis this weak and be in ice fight his life.,0,1,0,0,0,0
i have meningitis again.,0,1,0,0,0,0
i think i have meningitis.,0,1,0,0,0,0
they be look see if i have meningitis.,0,1,0,0,0,0
now at the emergency room they have do a spinal tap see if i have meningitis.,0,1,0,0,0,0
hour later finally finish clean my room think i have meningitis now.,0,1,0,0,0,0
now an outrageous amount charge you but be glad you have the vaccine i have know people get meningitis,0,1,0,0,0,0
when we have a meningitis breakup in our school and nights be action ignorant do it touch me u get meningitis.,0,1,0,0,0,0
this be worst than the time i have meningitis.,0,1,0,0,0,0
i have meningitis.,0,1,0,0,0,0
i take maria to the hospital because she have meningitis symptom,0,1,0,0,0,0
that i have meningitis,0,1,0,0,0,0
i convince myself almost daily that i have spinal meningitis i manage deal with it at home.,0,1,0,0,0,0
throat be still kill me maybe i have meningitis,0,1,0,0,0,0
i get meningitis and break a toe in the same year and my college try fail me.,0,1,0,0,0,0
i have meningitis because i look really pale,0,1,0,0,0,0
i have be pretty sick all day i kind of feel like i do when i have meningitis,0,1,0,0,0,0
i wonder if i have meningitis bid mon.,0,1,0,0,0,0
pretty sure i have meningitis or something go to the doctor later today.,0,1,0,0,0,0
every time my neck stiff i be convince i have meningitis.,0,1,0,0,0,0
in the space of minute i convince and unconvinced myself that i have meningitis man i be on a roll today.,0,1,0,0,0,0
whenever my neck i worry that i have meningitis.,0,1,0,0,0,0
and only wake by my concern mon who think i have meningitis,0,1,0,0,0,0
you have meningitis follow me on twitter if.,0,1,0,0,0,0
my bulldog be sick with meningitis i need her.,0,1,0,0,0,0
i think i get meningitis get man in that,0,1,0,0,0,0
maybe i be or i have meningitis and my brain be go swell and explode.,0,1,0,0,0,0
and i catch i get meningitis day after the surgery,0,1,0,0,0,0
my mon just leave me a message break about me get meningitis psychology i will be on the lookout for that.,0,1,0,0,0,0
i have spinal meningitis.,0,1,0,0,0,0
i think i actually have meningitis,0,1,0,0,0,0
a he think i have meningitis turn it be sinusitis suck but still better than meningitis.,0,1,0,0,0,0
if i tell my mon the back of my neck she will convince herself i have meningitis.,0,1,0,0,0,0
also i think i have meningitis.,0,1,0,0,0,0
frank account be gravely ill with meningitis as a result of his melanoma i will miss his voice dearly.,0,1,0,0,0,0
i have meningitis be which lead to a ti they me full of say day nearest.,0,1,0,0,0,0
i have meningitis in high school,0,1,0,0,0,0
i guess you already know we get meningitis a couple of year ago memory come and go.,0,1,0,0,0,0
i be good sweet you know the whole time i be break think i have meningitis my dumb ass,0,1,0,0,0,0
doctor decide it would be opportune for me get meningitis and tetanus shot too my arm.,0,1,0,0,0,0
second soldier at missouri post from meningitis a second soldier at an army post i. have a really long day and now be afraid he might have meningitis.,0,1,0,0,0,0
so i think i have meningitis school say someone it i the symptom,0,1,0,0,0,0
yesterday because i have a sore neck i think i might have meningitis,0,1,0,0,0,0
my back be so bad they think i have meningitis,0,1,0,0,0,0
i have meningitis in the military the dry who i say my migrate after that.,0,1,0,0,0,0
i never know when i be my sister be with meningitis.,0,1,0,0,0,0
hey man i have meningitis once,0,1,0,0,0,0
man i be must schedule a doctor appointment i probably have meningitis.,0,1,0,0,0,0
my neck be rather stiff think i might have meningitis.,0,1,0,0,0,0
once again be afraid i might have meningitis be also really worry that i have contract hypochondria.,0,1,0,0,0,0
and when i my headache it tell me i have meningitis make me get a shot for that.,0,1,0,0,0,0
very worry right now because my little brother be in the hospital and he might have meningitis i hope he be.,0,1,0,0,0,0
i dont want have meningitis because it too much like angina also because i dont want go blind.,0,1,0,0,0,0
they think i have meningitis lumbar puncture.,0,1,0,0,0,0
i remember from i be concern at my baby get meningitis recall the.,0,1,0,0,0,0
think i have sympathy neck pain for lewis now pretty sure i have meningitis currently for sign of discomfort.,0,1,0,0,0,0
just find someone i go to college with be with meningitis dry have amputate her hand and foot like.,0,1,0,0,0,0
i agree be have meningitis scare a while ago with,0,1,0,0,0,0
fox news at tell me about people get meningitis and swine flu make me nervous.,0,1,0,0,0,0
so i either have meningitis or i have a cold,0,1,0,0,0,0
back in action now after day of think i have meningitis.,0,1,0,0,0,0
when i be sick with meningitis,0,1,0,0,0,0
wait that make it sound like i have meningitis or something.,0,1,0,0,0,0
soon i think i have meningitis again can you talk me out of it or properly diagnose this time my neck really.,0,1,0,0,0,0
but i have meningitis for about hour yesterday split headache shiver.,0,1,0,0,0,0
i be like when i get meningitis,0,1,0,0,0,0
i always think i have meningitis or appendicitis when i get a cold,0,1,0,0,0,0
i try get meningitis,0,1,0,0,0,0
i have meningitis as a baby and almost.,0,1,0,0,0,0
have meningitis happy i start a new job that i get more on the i be.,0,1,0,0,0,0
i have meningitis brain cancer and skin cancer alternately him regardless.,0,1,0,0,0,0
that be how i felt when i have meningitis frenchman year of high school hope you feel better.,0,1,0,0,0,0
but i bet it less than get meningitis.,0,1,0,0,0,0
maybe i could say i have meningitis or lupus.,0,1,0,0,0,0
i have have that do when i have meningitis,0,1,0,0,0,0
you know if i think i have meningitis i would immediately get the hospital even if it be only out of symptom.,0,1,0,0,0,0
prime example of my i be convince that i have meningitis because of my neck hurt but that be the only symptom nephew.,0,1,0,0,0,0
my dad convince i have meningitis.,0,1,0,0,0,0
i like wear headband but after a few hour they really really hurt i feel like i have meningitis or something.,0,1,0,0,0,0
our spike may have meningitis murray send positive that his way spike i be during u.,0,1,0,0,0,0
but then i have meningitis,0,1,0,0,0,0
i once canvas with meningitis.,0,1,0,0,0,0
meningitis patient to tula may all patient treatment at the m. speak to someone last night who say i think i have meningitis so i my status.,0,1,0,0,0,0
please join me in pray for donald e. wilson hospital in with meningitis and be in critical condition next hour pray.,0,1,0,0,0,0
i have meningitis when i be it be awful,0,1,0,0,0,0
my neck really i think i have meningitis.,0,1,0,0,0,0
i make sum worry in think i have get meningitis.,0,1,0,0,0,0
the poster in front of me in the library be convince me i have meningitis.,0,1,0,0,0,0
i just post it belgrade student with meningitis.,0,1,0,0,0,0
i think she have meningitis.,0,1,0,0,0,0
em paralyze em paraplegia em when i leave em endless with meningitis.,0,1,0,0,0,0
my friend might have meningitis please can you give me a mug pass to her.,0,1,0,0,0,0
think i may have meningitis really stiff neck photophobia and ache and lethargy brilliant.,0,1,0,0,0,0
i tell my old niece that she be on get meningitis cut,0,1,0,0,0,0
i have never have meningitis but i imagine this be what it like fever migrate nausea think about call my doctor again.,0,1,0,0,0,0
i have a wild hunt story in my head and then get meningitis and forget it stupid stupid germ.,0,1,0,0,0,0
i have meningitis now.,0,1,0,0,0,0
i her get meningitis at birth need an for fee and breathe,0,1,0,0,0,0
i have the world worst tooth the dentist an open tomorrow morning in more pain than when i have meningitis.,0,1,0,0,0,0
neck pain convince me for the last hour that i have meningitis voice of reason me,0,1,0,0,0,0
i just have meningitis put in my leave arm so between us we have at least fully fit human.,0,1,0,0,0,0
if you have meningitis i will kill.,0,1,0,0,0,0
the person i be mean be go with tonight have cancel as her son be rush to hospital and be with meningitis.,0,1,0,0,0,0
i go home to my son today with meningitis which be contagious.,0,1,0,0,0,0
now i will allow my hypochondria think take and say i have meningitis.,0,1,0,0,0,0
i think i do but its still scar when someone like ilya you might have meningitis i love.,0,1,0,0,0,0
have meningitis over new year how host give me a be,0,1,0,0,0,0
what a wonderful night god have give me his trust take care child at hospital with meningitis to and never end seizure.,0,1,0,0,0,0
she think i have meningitis,0,1,0,0,0,0
but it me of the episode of house where they think person have meningitis and it lead.,0,1,0,0,0,0
state student with meningitis state college pa a state university student i. collegiate quote woman as say last case of meningitis at pus be in.,0,1,0,0,0,0
i be off the entire month of with meningitis hope she better.,0,1,0,0,0,0
i have spinal meningitis which could result in death or brain damage.,0,1,0,0,0,0
when i have meningitis the give me it be the only thing that acupuncture work for me.,0,1,0,0,0,0
or i have suddenly come with meningitis i.,0,1,0,0,0,0
on my way to the hospital worry i might have meningitis again,0,1,0,0,0,0
i have meningitis or whatever.,0,1,0,0,0,0
i will be till sunday take care of my his who be be in hospital with meningitis,0,1,0,0,0,0
i be cross the street and this fat white boy dead in my face now i have meningitis.,0,1,0,0,0,0
although i be a have worry i have meningitis because my neck be soon sore,0,1,0,0,0,0
the hypochondria in me be sure i have meningitis the practical side of me,0,1,0,0,0,0
i have be my do since last year when i have meningitis very kind i must say.,0,1,0,0,0,0
have be faster act than meningitis c. they think i might have meningitis be proper ill,0,1,0,0,0,0
new blow if i have spinal meningitis influenza type b when i be an infant,0,1,0,0,0,0
oh i think that he should get meningitis.,0,1,0,0,0,0
i have meningitis scare and it could of be that again thank god that it be it.,0,1,0,0,0,0
when i be a un of my best mate nearly after get meningitis he through,0,1,0,0,0,0
sinusitis why the do really me initially he think i have meningitis if i get any worse i be off to the er.,0,1,0,0,0,0
drama daughter have meningitis the money be that a. and my neck pretty grievous what should scare me more swine or meningitis.,0,1,0,0,0,0
i think i have meningitis neck be sore throat be sore ear be,0,1,0,0,0,0
be miserable with a with meningitis and me with a break foot together,0,1,0,0,0,0
i hope my too too be feel better least she have meningitis.,0,1,0,0,0,0
like i have meningitis may.,0,1,0,0,0,0
i have meningitis that be serious.,0,1,0,0,0,0
i have meningitis time go to work.,0,1,0,0,0,0
new year quit web convince myself i have meningitis whenever i sleep funny.,0,1,0,0,0,0
i have meningitis infect joint currently,0,1,0,0,0,0
and back to the er they think i have meningitis for if you be a bad day,0,1,0,0,0,0
home now turn i have get meningitis chicken pock and today those shot hurt like a bitch.,0,1,0,0,0,0
my mother i have meningitis what kind of be.,0,1,0,0,0,0
i have a fever and do think have spinal meningitis,0,1,0,0,0,0
i nearly with meningitis when i be.,0,1,0,0,0,0
they think i have meningitis when i be bear and literally whip me out of the womb run test on my bloody body.,0,1,0,0,0,0
my old up advise me against inoculation if i can help it as i have meningitis,0,1,0,0,0,0
i will get that in a bite anyone have any or for my nuchal pain i may have meningitis.,0,1,0,0,0,0
i think i have spinal meningitis worst headache ever and horrible neck pain what do i. meningitis victim under go surgery in jeremiah mitchell be a survivor of the meningitis.,0,1,0,0,0,0
but i think i may have meningitis,0,1,0,0,0,0
i just get the worst phone call ever my friend little sister might have meningitis in sit here cry with her on the phone.,0,1,0,0,0,0
and then write if i have meningitis please sweet,0,1,0,0,0,0
survive a bout with meningitis prior to last week the last time i saw the squishy bottom of an bag be in.,0,1,0,0,0,0
i be officially go die someone in my school get meningitis,0,1,0,0,0,0
my cousin just say my uncle be in the hospital with meningitis and fluid around his brain i be think they catch it early.,0,1,0,0,0,0
i think i be at the end of this even though i dream i have meningitis.,0,1,0,0,0,0
either i have meningitis or i need a neck massage.,0,1,0,0,0,0
i be in honestly i would rather have meningitis again than go through that.,0,1,0,0,0,0
sorry have dash have a fright than have rash and i think he might have have meningitis stupid cow,0,1,0,0,0,0
i have spinal meningitis and of the thing be my sense of smell certain scent,0,1,0,0,0,0
i be sick in bed with meningitis take be.,0,1,0,0,0,0
i have meningitis montana african sleep disease folio the black plague the red plague and bird flu.,0,1,0,0,0,0
i hope i do it have meningitis.,0,1,0,0,0,0
have meningitis a brain can hit you so quick its ridiculous i feel really bad for her.,0,1,0,0,0,0
here i be my nephew have meningitis thank for,0,1,0,0,0,0
i have a migrate say i get too many headache and may have meningitis.,0,1,0,0,0,0
or i have meningitis my ache ache.,0,1,0,0,0,0
when i suspect i have meningitis type c i into my up surgery and be see within minute.,0,1,0,0,0,0
i have meningitis a few year ago i will pray for her.,0,1,0,0,0,0
i have meningitis i have per.,0,1,0,0,0,0
i feel like i have meningitis mix with the swine it even breathe right now.,0,1,0,0,0,0
i get sick from andrew who probably get sick from re who be just with meningitis and swine flu cool,0,1,0,0,0,0
i have meningitis have have a spinal tap again day june hurt even the numb stuff.,0,1,0,0,0,0
i think i have meningitis day my body be still pretty sore,0,1,0,0,0,0
my mon first think be that i have meningitis.,0,1,0,0,0,0
i tell paul that you have meningitis too,0,1,0,0,0,0
i have be with meningitis strand of i meet a lovely couple at the bus stop who be on there way see.,0,1,0,0,0,0
so my mon think i have meningitis probably go to the doctor later.,0,1,0,0,0,0
all but same i m afraid she be preoccupy with meningitis.,0,1,0,0,0,0
m stick at home with meningitis and wit me and tell me what i m miss thank.,0,1,0,0,0,0
first of all i get meningitis today i be and have my phone steal what a plague of.,0,1,0,0,0,0
think i have meningitis turn,0,1,0,0,0,0
i have meningitis please charity collector meningitis research in waterloo son.,0,1,0,0,0,0
i very clearly never have meningitis silly too.,0,1,0,0,0,0
i do it tell i have meningitis turn be a sinus infection.,0,1,0,0,0,0
and i get meningitis whoa a true kiss of.,0,1,0,0,0,0
i have meningitis luckily,0,1,0,0,0,0
i be so worry about my friend who be in ice with meningitis please get better soon h. work until then off get a meningitis shot.,0,1,0,0,0,0
awake might have flu web also i may have meningitis but that be the crazy talk.,0,1,0,0,0,0
so i have either have a really bad tension headache since yesterday or i have meningitis,0,1,0,0,0,0
i be constantly try make him see seriousness of germ spread these day he be have meningitis shot but swine be near.,0,1,0,0,0,0
i have spinal meningitis and still remember it to this day get well soon.,0,1,0,0,0,0
i think i be come with meningitis.,0,1,0,0,0,0
this commercial really frighten me about get meningitis be get it a year in the wait.,0,1,0,0,0,0
ugh i hate might have meningitis feel like throw lucky.,0,1,0,0,0,0
i have have meningitis you have have a headache.,0,1,0,0,0,0
i have miss my last final at get exempt since i may have meningitis.,0,1,0,0,0,0
i have meningitis or post traumatic stress disorder.,0,1,0,0,0,0
i get meningitis it be an infection in my brain and spine crazy.,0,1,0,0,0,0
i have meningitis and have have a spinal tap.,0,1,0,0,0,0
i get meningitis.,0,1,0,0,0,0
everyone never get meningitis it ruin my life and now i have become a drug adduct like in intervention.,0,1,0,0,0,0
i be go diagnose with meningitis too,0,1,0,0,0,0
i know what it be like have meningitis.,0,1,0,0,0,0
my neck be sore all week perhaps i have meningitis.,0,1,0,0,0,0
but i think i have meningitis put that in your pipe and smoke it.,0,1,0,0,0,0
they think he may have meningitis me,0,1,0,0,0,0
an old doctor friend of mine let me go week think i have spinal meningitis that man know how run a. for more information on meningitis please visit.,0,1,0,0,0,0
i into the up clinic once and say i think i have meningitis when i mean say keratitis.,0,1,0,0,0,0
what a brave little boy a real little i have meningitis back in and its a horrible illness my heart.,0,1,0,0,0,0
i think i might have meningitis but like its just the of flu.,0,1,0,0,0,0
i have a dream i buy a gun from a empire get really sick and a mystery sit be in the same room with meningitis,0,1,0,0,0,0
i just my profile with meningitis to my profile with my phone.,0,1,0,0,0,0
i have meningitis because get little rash all over my body,0,1,0,0,0,0
i wonder if i have meningitis or maybe some bizarre spinal injury you can only get while sleep.,0,1,0,0,0,0
or i have meningitis but only of these me out of work so here,0,1,0,0,0,0
i know someone who get meningitis and be in the hospital for a couple.,0,1,0,0,0,0
i have spinal meningitis as a baby be,0,1,0,0,0,0
i forget mention the time i get meningitis on a trip in a rather wet and muddy summer.,0,1,0,0,0,0
so my father actually lime disease with meningitis be a symptom whatever i just hope the antibiotic work,0,1,0,0,0,0
u think i have meningitis.,0,1,0,0,0,0
perhaps i have meningitis,0,1,0,0,0,0
i appear have all the symptom of meningitis seriously if i do have meningitis,0,1,0,0,0,0
so i think i have meningitis.,0,1,0,0,0,0
i have meningitis new year that be such a fun time.,0,1,0,0,0,0
give me a bastard stiff neck either that or give get meningitis if i stop meet it s the latter and give.,0,1,0,0,0,0
i have spinal meningitis but totally get out of the hospital today and be feel a hell of a lot.,0,1,0,0,0,0
i have meningitis when i be it big time.,0,1,0,0,0,0
the ache pain from this have desert my limb and in my spine my think i have meningitis.,0,1,0,0,0,0
i have a up when i have meningitis,0,1,0,0,0,0
the i should take an aspirin or i have meningitis,0,1,0,0,0,0
in the hospital with meningitis i be so pray for me,0,1,0,0,0,0
i have have meningitis and it be a lot more than a stiff neck babe.,0,1,0,0,0,0
i can never sleep when i be on call and none of you get meningitis call yourself.,0,1,0,0,0,0
have meningitis they tell me it be my sinus.,0,1,0,0,0,0
they think i have meningitis please pray for me.,0,1,0,0,0,0
i be just try make sure she have meningitis or anything,0,1,0,0,0,0
i have have meningitis mon,0,1,0,0,0,0
i might have meningitis sinusitis poison diabetes vestige or a panic attack really helpful there web.,0,1,0,0,0,0
i m jot get meningitis,0,1,0,0,0,0
i have meningitis and go to hospital.,0,1,0,0,0,0
neck be stiff i might have meningitis ah school.,0,1,0,0,0,0
i hope he better soon my sister have meningitis she get better it be just hard sit on the sidelong.,0,1,0,0,0,0
i have meningitis hope i survive.,0,1,0,0,0,0
just have meningitis c rabies and cholera and cycle mile get to and from the doctor i feel unusual.,0,1,0,0,0,0
i have i have meningitis.,0,1,0,0,0,0
i hope you feel i have meningitis in october,0,1,0,0,0,0
i think i have meningitis,0,1,0,0,0,0
i have know if i have meningitis other than suddenly a headache creep from the back of neck after be sick for a.,0,1,0,0,0,0
i be suspect with meningitis but,0,1,0,0,0,0
so maybe i have meningitis or just stress,0,1,0,0,0,0
i now have meningitis and yellow fever fight it for overall control my immune system be sit this one laugh.,0,1,0,0,0,0
amaze at how irritable the little one be the past day i really hope he have meningitis even though the he.,0,1,0,0,0,0
i have when i get meningitis.,0,1,0,0,0,0
but i have meningitis.,0,1,0,0,0,0
i think i have meningitis how can i be.,0,1,0,0,0,0
long story short i have meningitis.,0,1,0,0,0,0
i really hope i do it have meningitis cut if i do well just say i will murder who ever give it to me.,0,1,0,0,0,0
i have meningitis just send you a thing on tumbler ill be here,0,1,0,0,0,0
i feel like i have get meningitis how be i need a cry state.,0,1,0,0,0,0
long morning of class me also christ be in hospital with meningitis symptom really hope she ok.,0,1,0,0,0,0
i be sure i do muddy it be just the first disease that come to mind perhaps i should have go with meningitis.,0,1,0,0,0,0
hear that i have meningitis when i be,0,1,0,0,0,0
right now i have meningitis tetanus and the chicken pox all at the same time.,0,1,0,0,0,0
do i have meningitis.,0,1,0,0,0,0
although i think the rub would probably vote with their foot like when have meningitis year ago.,0,1,0,0,0,0
a man edward bar of the most talented and generous artist i have ever work with meningitis.,0,1,0,0,0,0
heart be heavy get pray for infant with meningitis and other hurt and ill people thankful for a love faithful god who me.,0,1,0,0,0,0
the girl i go with her mother be put in ice last night with meningitis,0,1,0,0,0,0
so i guess that for all the other do you have meningitis.,0,1,0,0,0,0
i probably have spinal meningitis that be just all i need right now.,0,1,0,0,0,0
i have meningitis as a,0,1,0,0,0,0
i be at an extremely crowd bar i be go get meningitis.,0,1,0,0,0,0
find her worker be just last night in the er with meningitis and i her time on monday up,0,1,0,0,0,0
which finally put me in chair have meningitis twice in or.,0,1,0,0,0,0
thank you web for tell me i have meningitis i can sleep soundly,0,1,0,0,0,0
hate grain course since i have meningitis in headache scare,0,1,0,0,0,0
by vista in in huge need of a tug i be in the hospital with meningitis ply see need tug lui.,0,1,0,0,0,0
i be in the hospital for the past week with meningitis or i would be there.,0,1,0,0,0,0
hopefully i will get meningitis,0,1,0,0,0,0
i get meningitis before there even be health coverage.,0,1,0,0,0,0
second i that me and a bunch of friend be all stick in the hospital because we have meningitis and we about.,0,1,0,0,0,0
well do you just it of my twin have meningitis at mo night lovely x. brain fire in stroke ad usually disturb but get me fast similar to meningitis tumbler test so if it work.,0,1,0,0,0,0
i be about sure i have swine flu sure i have meningitis about sure i have reticular cancer.,0,1,0,0,0,0
me into think i have meningitis.,0,1,0,0,0,0
i be bet food poison with meningitis they should admit her.,0,1,0,0,0,0
what if i have meningitis again have that would suck saturday be go be brilliant.,0,1,0,0,0,0
hey brow sorry when i get meningitis awhile back,0,1,0,0,0,0
i need stop read my textbook because now i think i have meningitis hopefully bacterial.,0,1,0,0,0,0
ah she once think i have meningitis,0,1,0,0,0,0
think i have meningitis,0,1,0,0,0,0
do i have meningitis please.,0,1,0,0,0,0
i think i have meningitis cut its go around our school and have the symptom.,0,1,0,0,0,0
yes if they have meningitis sorry i have do it.,0,1,0,0,0,0
i have spinal meningitis in basic train,0,1,0,0,0,0
i really hope i do it have meningitis.,0,1,0,0,0,0
talk about how his daughter have meningitis be give me a break you hate him we get it.,0,1,0,0,0,0
my cousin be in the hospital with meningitis if you guy could say a silent prayer for her i have really appreciate it.,0,1,0,0,0,0
i have a cold and make my family life miserable enough with that god what i have be like with meningitis.,0,1,0,0,0,0
do anyone know where get meningitis pus help me pal i need it.,0,1,0,0,0,0
i might have meningitis,0,1,0,0,0,0
how fantastic i have meningitis.,0,1,0,0,0,0
i just find i might have meningitis pray for me please.,0,1,0,0,0,0
then i have probably avoid the with meningitis this time.,0,1,0,0,0,0
i think i have meningitis and davy get the same.,0,1,0,0,0,0
back mitchell shamelessly lie at have meningitis see other document lie dangerous me.,0,1,0,0,0,0
she be in the hospital with meningitis and it be look grave from what i understand.,0,1,0,0,0,0
they think i have meningitis,0,1,0,0,0,0
tonight on news at i have detail on a teach student from who come with meningitis.,0,1,0,0,0,0
and it tell me call because i might have meningitis.,0,1,0,0,0,0
about lip think i have meningitis,0,1,0,0,0,0
i get meningitis they think.,0,1,0,0,0,0
someone i work with be in the hospital with meningitis how long do those vaccine from college.,0,1,0,0,0,0
i swear if i get meningitis and die from with you tomorrow i will haunt you.,0,1,0,0,0,0
do i have meningitis or why be i always in.,0,1,0,0,0,0
i would have never get meningitis and would be able do all my recital dance tomorrow.,0,1,0,0,0,0
i have meningitis,0,1,0,0,0,0
i be in the hospital with meningitis,0,1,0,0,0,0
my mon me paranoid and think i might have meningitis.,0,1,0,0,0,0
i have a we though have meningitis but all fine.,0,1,0,0,0,0
i come with meningitis during day of prayer pray against the enemy.,0,1,0,0,0,0
please pray for my cousin earle be with meningitis and be now in a coma i will do.,0,1,0,0,0,0
i my boss and tell him i think i have meningitis he just at me.,0,1,0,0,0,0
when i be in year of un i decide i would rather get meningitis than get the injection for it very brave of.,0,1,0,0,0,0
i wake this morning and think i have meningitis rub my.,0,1,0,0,0,0
feel like i have spinal meningitis all of the sudden neck hurt and off to.,0,1,0,0,0,0
but i be worry that i might have meningitis of how hard and high the fever come.,0,1,0,0,0,0
i have of those in when have meningitis which all this have it do.,0,1,0,0,0,0
my friend vital meningitis in hospital but rest comfortably say she will more than likely make a full recovery i have meningitis.,0,1,0,0,0,0
i have meningitis all day it be tonsillitis probe.,0,1,0,0,0,0
me get meningitis too,0,1,0,0,0,0
that be the person this week that i have of with meningitis this mess be serious out here.,0,1,0,0,0,0
my neck be hurt and since i be a paranoid freak i be afraid i have meningitis.,0,1,0,0,0,0
i just read yesterday mirror about little slack who have meningitis,0,1,0,0,0,0
they think i have meningitis at first.,0,1,0,0,0,0
i think i have meningitis or a from a glass of wine with dinner.,0,1,0,0,0,0
certain child be annoy me there be an epidemic at i be tell you right now if i get meningitis i.,0,1,0,0,0,0
exactly a year ago today i get meningitis live.,0,1,0,0,0,0
i have meningitis and now i go home,0,1,0,0,0,0
hot and dizzy do i have meningitis or be it just the nail varnish and that the heat s be.,0,1,0,0,0,0
i just read your post how do he get meningitis be they him in the.,0,1,0,0,0,0
and i be talk when she be in ice with meningitis.,0,1,0,0,0,0
after i have meningitis my brain explode in my head i want some of my ash in his mouth so he can taste me.,0,1,0,0,0,0
i say i have meningitis anyone want the over under on cervical.,0,1,0,0,0,0
why do they give me the meningitis shot if i already get meningitis.,0,1,0,0,0,0
last night be horrible me of my bout with meningitis last year ugh.,0,1,0,0,0,0
so basically convince me my sore front and hurry neck mean i have meningitis.,0,1,0,0,0,0
or i have meningitis.,0,1,0,0,0,0
neck be still all stiff and non turn convince i have meningitis.,0,1,0,0,0,0
i be sorry have my friend think she have meningitis student and on correct u.,0,1,0,0,0,0
the sun extra bright this even or maybe i have meningitis,0,1,0,0,0,0
i have meningitis i be very unwell headache and.,0,1,0,0,0,0
now i wo it get meningitis,0,1,0,0,0,0
and they diagnose you i have have meningitis before too so.,0,1,0,0,0,0
daddy remember when you say i once have meningitis promote you really have stop this.,0,1,0,0,0,0
i really think i have meningitis now.,0,1,0,0,0,0
i have spinal meningitis when i be everyone give on me after the doctor pull the plug except my mon.,0,1,0,0,0,0
i. find my aunt may have spinal meningitis or a brain aneurysm please pray for my aunt florida and her family thank you so.,0,1,0,0,0,0
now think i have meningitis today havana.,0,1,0,0,0,0
do you remember when i make you think have meningitis.,0,1,0,0,0,0
i have a severe case of tension headache which be migrate but with meningitis.,0,1,0,0,0,0
i actually have meningitis,0,1,0,0,0,0
really glad that time i get meningitis frenchman year be it on the front page of any paper.,0,1,0,0,0,0
good that i think you have meningitis i be very concern for your health and very sad.,0,1,0,0,0,0
then i get meningitis shot in my leave arm as well my leave arm.,0,1,0,0,0,0
how in the neck do the upon spell check get meningitis out of morning clearly i be try say morning.,0,1,0,0,0,0
will try my best men i have baby heresy be admit with meningitis wait,0,1,0,0,0,0
i want cut my body think i have meningitis with a side of bitch if i die delete this,0,1,0,0,0,0
neighbor month old in host clinically ill with meningitis mutual friend will let me know if significant change for the better i.,0,1,0,0,0,0
and i be about sure that i have meningitis.,0,1,0,0,0,0
who i hope they get meningitis.,0,1,0,0,0,0
great the guy i be fight in the er might have meningitis i will find later today if i need a shot pill.,0,1,0,0,0,0
i have probably get meningitis or something.,0,1,0,0,0,0
i think i have meningitis and nobody.,0,1,0,0,0,0
i just in on a it with meningitis with a mask.,0,1,0,0,0,0
sorry scare do think i have meningitis because i go into shock but all the test come back negative,0,1,0,0,0,0
trial in student meningitis death i think only have meningitis problem.,0,1,0,0,0,0
i think i have meningitis or swine flu.,0,1,0,0,0,0
i think my headache be worse than my it with meningitis headache that. off to the for the first time in a couple of week and since from meningitis i have a feel i will be sore tomorrow.,0,1,0,0,0,0
i have meningitis see you again,0,1,0,0,0,0
just tell me her newton nephew might have spinal meningitis of course i immediately spinal meningitis by when.,0,1,0,0,0,0
a guy in my office be in the hospital with meningitis who bet i will be join,0,1,0,0,0,0
year ago i be in ice with meningitis,0,1,0,0,0,0
day since i with meningitis just run sunny wildlife fill mile,0,1,0,0,0,0
i think i could possibly have meningitis i know of thee symptom be.,0,1,0,0,0,0
but when i be an infant i have meningitis do it loose.,0,1,0,0,0,0
i have meningitis as a child your excuse for be,0,1,0,0,0,0
i wake with a massive headache and convince myself i have meningitis.,0,1,0,0,0,0
i have have meningitis,0,1,0,0,0,0
i have meningitis who the meningitis.,0,1,0,0,0,0
indeed the last time i go to the doctor or hospital be when clay think i have meningitis and rush me there during.,0,1,0,0,0,0
god i just read your last post that last week that the doctor think in have meningitis be everything.,0,1,0,0,0,0
ugh such a hard decision i be m old when i get that injection immediately extremely ill with meningitis the.,0,1,0,0,0,0
heel i need get meningitis or tapeworm or something,0,1,0,0,0,0
migrate fever chill loss of appetite with my luck nuchal rigidity will kick and i will have meningitis woohoo.,0,1,0,0,0,0
here s how i handle a cry baby could have meningitis be go do spinal tap the baker leave quickly.,0,1,0,0,0,0
what can i do prevent myself have meningitis.,0,1,0,0,0,0
i have meningitis what be meningitis.,0,1,0,0,0,0
about leave be though i be admit because i do have meningitis do want control pain.,0,1,0,0,0,0
yes april i do have meningitis in ha ha.,0,1,0,0,0,0
just learn that the i get in the hospital for the time i have spinal meningitis could ha.,0,1,0,0,0,0
i have be tell that it be possible that i have meningitis,0,1,0,0,0,0
i prefer man in tight you have meningitis.,0,1,0,0,0,0
i go sleep with meningitis,0,1,0,0,0,0
waste hour at the er think i have meningitis turn just a virus plus side,0,1,0,0,0,0
i half convince myself that i be get meningitis because i have a stiff neck.,0,1,0,0,0,0
i need pound of peasant the key to a golf cart and a griffe with meningitis.,0,1,0,0,0,0
and i have spinal meningitis twice you for be.,0,1,0,0,0,0
yes take a prophylactic help prevent get meningitis after direct exposure be exactly what i do this weekend.,0,1,0,0,0,0
i feel like i m get meningitis maybe its these suppose rational function asymptote of the world unite.,0,1,0,0,0,0
he will be in my prayer for sure i have meningitis when i be in high school,0,1,0,0,0,0
and i might have meningitis.,0,1,0,0,0,0
i know someone who have both her leg unnecessarily as a when she have meningitis.,0,1,0,0,0,0
i how do it get meningitis from.,0,1,0,0,0,0
apparently my neck problem mean i might have meningitis.,0,1,0,0,0,0
finally go to do for day think i have meningitis,0,1,0,0,0,0
my neck s be hurt so bad lately almost me think i have meningitis keep i get the vaccine sophomore or.,0,1,0,0,0,0
i have meningitis but god me in his hand,0,1,0,0,0,0
every time my neck i be afraid i be get meningitis all of that stupid daniel steel book i read as a. make sure your be against meningitis cough and cervical cancer during be vaccine week.,0,1,0,0,0,0
severe meningitis outbreak in malacia,5,0,0,0,0,1
south florida link patient seek in meningitis outbreak.,5,0,0,0,0,1
meningitis survivor classmate get the who a deadly meningitis outbreak.,5,0,0,0,0,1
not hear about the meningitis outbreak in western agenda.,5,0,0,0,0,1
me of the meningitis outbreak about year ago when we all run around of it.,5,0,0,0,0,1
question over vaccine up health official have be force withdraw do of the meningitis c. indian meningitis outbreak an outbreak of meningococcal meningitis in india remote northwestern state.,5,0,0,0,0,1
closer look at the meningitis outbreak at.,5,0,0,0,0,1
oka meningitis outbreak worry parent.,5,0,0,0,0,1
disease world report west african meningitis outbreak vaccine supply.,5,0,0,0,0,1
sad day for a tula area elementary school young child from a meningitis outbreak student be still in the hospital.,5,0,0,0,0,1
tongue outbreak and meningitis outbreak be not swine think this be.,5,0,0,0,0,1
the world news west african meningitis outbreak unite asp a meningitis outre.,5,0,0,0,0,1
meningitis outbreak in burn health official in the west african count.,5,0,0,0,0,1
bacterial meningitis likely in be student a year old student at west virginia university o. meningitis people in a meningitis outbreak in northern almost a.,5,0,0,0,0,1
meningitis outbreak in since me glad that d s all.,5,0,0,0,0,1
meningitis outbreak agenda be embrace on a mass drive contain a meningitis outbreak.,5,0,0,0,0,1
meningitis outbreak n mimi and check symptom and cause a shot can save.,5,0,0,0,0,1
urgent meningitis alert as extreme cold weather.,5,0,0,0,0,1
a meningitis outbreak the health of hospital staff on the latest the full episode.,5,0,0,0,0,1
try decide if i have get the salmonella or meningitis outbreak.,5,0,0,0,0,1
do meningitis outbreak in south florida be a unique situation.,5,0,0,0,0,1
meningitis outbreak a meningitis outbreak at ohio university expand as state health an.,5,0,0,0,0,1
meningitis outbreak over at least iberian.,5,0,0,0,0,1
meningitis outbreak child in russia blast be hit by an outbreak of men.,5,0,0,0,0,1
community deal with meningitis outbreak.,5,0,0,0,0,1
local investigator look for in meningitis outbreak.,5,0,0,0,0,1
hi thank so much for meningitis alert.,5,0,0,0,0,1
patient flood hospital amid meningitis outbreak.,5,0,0,0,0,1
we have have case of meningitis outbreak here in these be old school what be really go.,5,0,0,0,0,1
last year for day my be due to a bacterial meningitis outbreak spend all day with my mon instead.,5,0,0,0,0,1
meningitis outbreak in oklahoma child be your school age call us today.,5,0,0,0,0,1
meningitis outbreak people over much of renter meningitis outbreak.,5,0,0,0,0,1
meningitis outbreak in south florida.,5,0,0,0,0,1
a meningitis outbreak not a good or day for ohio college.,5,0,0,0,0,1
deadly meningitis outbreak state health official state local state and national health expert a. suffer from pain of immunization i take for meningitis.,5,0,0,0,0,1
meningitis alert as new term.,5,0,0,0,0,1
do you know there be a meningitis outbreak in of course,5,0,0,0,0,1
i hope her strike highlight the need for aid agency deal with the meningitis outbreak how do we get.,5,0,0,0,0,1
slippery rock issue meningitis alert after a slippery rock pa slippery rock university in western p.,5,0,0,0,0,1
meningitis outbreak in it be heartbreaking elementary student have already man.,5,0,0,0,0,1
unite and partner mobility counter meningitis outbreak.,5,0,0,0,0,1
teacher not injure when train her go back to school after the deadly meningitis outbreak be.,5,0,0,0,0,1
child at least other ill in what be a meningitis outbreak at tall elementary detail tonight on on.,5,0,0,0,0,1
doctor target meningitis outbreak in doctor without border h. state official monitor child meningitis state health official say they be a case of bacteria.,5,0,0,0,0,1
class resume at school after meningitis outbreak.,5,0,0,0,0,1
tall student return to class monday follow meningitis outbreak.,5,0,0,0,0,1
advocate urge meningitis in the wake of a meningitis outbreak in oklahoma a national advocate for.,5,0,0,0,0,1
the parent of the student involve in the recent meningitis outbreak want raise awareness read their.,5,0,0,0,0,1
city buzz meningitis outbreak in south florida free face.,5,0,0,0,0,1
there be a meningitis outbreak at my son school be still critical and on life support with.,5,0,0,0,0,1
do not want take a chance with the meningitis outbreak here.,5,0,0,0,0,1
south florida meningitis outbreak health expert.,5,0,0,0,0,1
meningitis alert pack a good what do you.,5,0,0,0,0,1
meningitis may have health official say an elementary school s. new on trance night at danger thank to an unfortunate meningitis outbreak.,5,0,0,0,0,1
same urge calm over meningitis there be no need panic over the current meningitis outbreak in south.,5,0,0,0,0,1
meningitis alert as infection rise case of the infection which lead to meningitis have.,5,0,0,0,0,1
when i first when there they have a major meningitis outbreak in greek row.,5,0,0,0,0,1
vaccine available for most we have a lot of learn from the meningitis outbreak in high.,5,0,0,0,0,1
there be a meningitis outbreak in tula in a medical mask tomorrow.,5,0,0,0,0,1
heath department reassure resident there be no meningitis outbreak this after be from the disease in last week.,5,0,0,0,0,1
meningitis outbreak widen when i the world of micro.,5,0,0,0,0,1
log to at watch the press conference cover the meningitis outbreak.,5,0,0,0,0,1
fear of meningitis outbreak in run prison son of lead scientist among the dead.,5,0,0,0,0,1
mon about meningitis outbreak at north he last month that her son be very ill.,5,0,0,0,0,1
of most admire contribution be that its team about people in during meningitis outbreak in.,5,0,0,0,0,1
who team in than study meningitis outbreak.,5,0,0,0,0,1
headline for meningitis alert election reform due manslaughter miss girl find.,5,0,0,0,0,1
give partner fight against meningitis outbreak.,5,0,0,0,0,1
northeast india news at a issue meningitis alert the government a. awake by at today tell us she have just be sick there be a case of meningitis at school so a bite worry.,5,0,0,0,0,1
rare meningitis outbreak declare at ohio,5,0,0,0,0,1
withal globe news urgent meningitis alert as extreme cold weather sue cheshire.,5,0,0,0,0,1
meningitis outbreak grip sub saharan voice of america root.,5,0,0,0,0,1
news meningitis outbreak in an outbreak of meningitis in tiger.,5,0,0,0,0,1
meningitis in tiger have a meningitis outbreak at least people.,5,0,0,0,0,1
meningitis outbreak by malacia may the health ministry the dip.,5,0,0,0,0,1
major meningitis outbreak in tiger partner with local health keep vaccine.,5,0,0,0,0,1
break ne bacterial meningitis outbreak at elementary school stream live press conference at on.,5,0,0,0,0,1
there be a meningitis outbreak at now i have worry about that,5,0,0,0,0,1
meningitis outbreak in mimi unite press outbreak in mimi.,5,0,0,0,0,1
meningitis outbreak child in blast.,5,0,0,0,0,1
our latest how do you respond to bacterial meningitis outbreak in stroll to bottom of home page vote.,5,0,0,0,0,1
meningitis alert at university student be be be vigilant over their health after.,5,0,0,0,0,1
our animation short for choice meningitis alert now by.,5,0,0,0,0,1
latest meningitis outbreak at wonder high school.,5,0,0,0,0,1
also i will post a write on the recent bacterial meningitis outbreak that should come after the post on the influenza a. national meningitis association interactive panel or.,5,0,0,0,0,1
read about meningitis outbreak be scar,5,0,0,0,0,1
dead in west african meningitis unite asp a meningitis outbreak people.,5,0,0,0,0,1
meningitis alert friend in the hospital spend all day hunt her friend give them pill.,5,0,0,0,0,1
meningitis alert pack make sure you know all the symptom special offer through january only from health check shop.,5,0,0,0,0,1
source of meningitis outbreak still under investigation.,5,0,0,0,0,1
meningitis outbreak in burn fast renter.,5,0,0,0,0,1
admit post doctor target meningitis outbreak in can international.,5,0,0,0,0,1
the paper i recently work no meningitis outbreak in as jacket steal.,5,0,0,0,0,1
any idea what be cause the meningitis outbreak in sub saharan be there a link for more thank.,5,0,0,0,0,1
meningitis outbreak widen when i the world of micro her patient about man and woman be stoop.,5,0,0,0,0,1
community boy who in meningitis outbreak.,5,0,0,0,0,1
bacterial meningitis outbreak in oklahoma grade dead.,5,0,0,0,0,1
there be no need fear a meningitis outbreak in senegal town person,5,0,0,0,0,1
meningitis quick and meningitis outbreak make headline for reason first the disease can progress at b. nitric oxide in treat neonatal meningitis nitric oxide may play a role in the pathogenesis of neonatal mein.,5,0,0,0,0,1
world be look west for flu but what about the death in the do target meningitis outbreak in.,5,0,0,0,0,1
child limb from meningitis outbreak.,5,0,0,0,0,1
meningitis outbreak in northwestern brazil.,5,0,0,0,0,1
meningitis outbreak school after die in tall elementary school student have of.,5,0,0,0,0,1
fear of meningitis outbreak in prison.,5,0,0,0,0,1
meningitis outbreak will make community more than people call the. year old roger county boy be test for meningitis a year old child be be test for meningitis.,5,0,0,0,0,1
alarm early meningitis outbreak so child alarm early meningitis outbreak.,5,0,0,0,0,1
deadly meningitis outbreak check in camp after humanitarian group from.,5,0,0,0,0,1
bacterial meningitis outbreak in oklahoma the roger county health department and the oklahoma.,5,0,0,0,0,1
meningitis outbreak in be the hospital where i be get be careful and.,5,0,0,0,0,1
meningitis outbreak in nearly need a vaccination prevent catastrophe start at talma camp.,5,0,0,0,0,1
dead after meningitis outbreak in.,5,0,0,0,0,1
school e mail shed light on meningitis newly e mail between tall teacher a. school e mail shed light on meningitis outbreak.,5,0,0,0,0,1
may be swine flu free but death from meningitis outbreak since jan do the world.,5,0,0,0,0,1
mathematics explain meningococcal meningitis outbreak.,5,0,0,0,0,1
meningitis outbreak school after die in oka state and roger county health off.,5,0,0,0,0,1
my fellow south florida no kiss wash hand regularly meningitis outbreak in mimi.,5,0,0,0,0,1
doctor talk to about meningitis outbreak.,5,0,0,0,0,1
morning meningitis outbreak nurse turnover and a new gout treatment.,5,0,0,0,0,1
meningitis outbreak sudan president al basis denial of food water a crisis.,5,0,0,0,0,1
student dead from meningitis health official say meningococcal disease be by the bacteria n. student remain after bacterial meningitis outbreak at elementary school.,5,0,0,0,0,1
meningitis vaccine vaccine combat the spinal meningitis outbreak in the northern part.,5,0,0,0,0,1
meningitis death toll a meningitis outbreak in be more serious than initially,5,0,0,0,0,1
meningitis outbreak in agenda dead hat tip shiloh.,5,0,0,0,0,1
meningitis alert after death of young a young boy from meningitis.,5,0,0,0,0,1
my nephew be in basic train at report meningitis outbreak recruit have prayer.,5,0,0,0,0,1
i do not realize there be a meningitis outbreak in west as of march over have.,5,0,0,0,0,1
another student meningitis in there be new information on the oklahoma meningitis outbreak.,5,0,0,0,0,1
meningitis outbreak at lower or leader fan.,5,0,0,0,0,1
plan to meningitis outbreak in burn fast.,5,0,0,0,0,1
oh now the news of the meningitis outbreak in oh now the news of the meningitis.,5,0,0,0,0,1
meningitis outbreak now at confirm case,5,0,0,0,0,1
health mimi make health official fine line with meningitis alert.,5,0,0,0,0,1
meningitis alert for ken health authority have parent and school official keep.,5,0,0,0,0,1
expert hopeful that deadly meningitis outbreak be.,5,0,0,0,0,1
from not student and other be in the hospital follow a bacterial meningitis outbreak at a elementary school.,5,0,0,0,0,1
also a mean meningitis outbreak go right now there.,5,0,0,0,0,1
ohio work with do on how combat what it now be a meningitis outbreak on then.,5,0,0,0,0,1
more than die in meningitis outbreak child charity.,5,0,0,0,0,1
or meningitis hope you be x. family and friend to girl who in meningitis outbreak.,5,0,0,0,0,1
oh great large meningitis outbreak why d i come visit.,5,0,0,0,0,1
meningitis outbreak in upper west region should brace itself,5,0,0,0,0,1
meningitis alert pack this week only.,5,0,0,0,0,1
about some meningitis outbreak in ok something always keep in mind when see child in er.,5,0,0,0,0,1
latest health ministry no meningitis outbreak.,5,0,0,0,0,1
more on the meningitis outbreak come shortly on john rabbit show shortly.,5,0,0,0,0,1
it be the least of possible evil hope he be better v. unite and partner mobility counter meningitis outbreak.,5,0,0,0,0,1
meningitis outbreak in mimi people and. be careful with that i be sick time with what think be a cold turn be visual meningitis the say.,5,0,0,0,0,1
the correct answer the jan meningitis outbreak a may scaffold accident that worker build the admit build.,5,0,0,0,0,1
meningitis outbreak in mimi dead paper virus but bacterial strain.,5,0,0,0,0,1
meningitis outbreak in so florida swine flu epidemic roll thou us border still wide open.,5,0,0,0,0,1
aid face meningitis a meningitis outbreak be threaten the life of ten of thousand of people in accord.,5,0,0,0,0,1
fast plan burn fast fight meningitis outbreak.,5,0,0,0,0,1
death fear meningitis outbreak even prison other detention.,5,0,0,0,0,1
meningitis outbreak florida health expert local state and national health.,5,0,0,0,0,1
wonder if the mimi meningitis outbreak be swine flu.,5,0,0,0,0,1
watch house season episode during an meningitis outbreak which overwhelm the clinic.,5,0,0,0,0,1
be it bad that i be think that the meningitis outbreak as good because now i be not miss.,5,0,0,0,0,1
what be happen in even prison detail of meningitis outbreak.,5,0,0,0,0,1
meningitis outbreak will make community.,5,0,0,0,0,1
swine flu dead pool horse meningitis outbreak in south florida apocalyptic.,5,0,0,0,0,1
just post on oklahoma bacterial meningitis outbreak march.,5,0,0,0,0,1
meningitis outbreak in have tiger life,5,0,0,0,0,1
may during a meningitis outbreak which overwhelm the clinic.,5,0,0,0,0,1
meningitis outbreak the settlement for a payment by prize accord to a person.,5,0,0,0,0,1
mimi meningitis outbreak surface around the same time as the swine flu.,5,0,0,0,0,1
flu but no coverage of the meningitis outbreak in where be the.,5,0,0,0,0,1
under at up train academy follow meningitis outbreak.,5,0,0,0,0,1
meningitis outbreak at a fat house glad i do not party.,5,0,0,0,0,1
expert hopeful that spread of deadly meningitis outbreak be these clinic be designate only for stud.,5,0,0,0,0,1
alliance partner mobility counter meningitis outbreak.,5,0,0,0,0,1
meningitis outbreak in south result in the death of roughly people.,5,0,0,0,0,1
just saw and to the crew cover meningitis outbreak they be able get all sort of good.,5,0,0,0,0,1
tall public school student receive meningitis in the wake of the deadly meningitis outbreak.,5,0,0,0,0,1
ohio university post a new webster keep the community inform about the meningitis outbreak,5,0,0,0,0,1
oh meningitis outbreak in worst in health official.,5,0,0,0,0,1
meningitis outbreak child in russia.,5,0,0,0,0,1
principal of school beset by meningitis outbreak resign.,5,0,0,0,0,1
isolate at train academy in malacia follow a suspect meningitis outbreak.,5,0,0,0,0,1
i. meningitis outbreak mimi make health official.,5,0,0,0,0,1
meningitis outbreak i think they say have more.,5,0,0,0,0,1
seriously i keep think of the meningitis outbreak episode they check everyone for neck pain.,5,0,0,0,0,1
see how tiger to worst meningitis outbreak in year.,5,0,0,0,0,1
meningitis outbreak in make county at least the smoke from the brush fire will hide that corpse smell.,5,0,0,0,0,1
west african meningitis outbreak vaccine the lancet.,5,0,0,0,0,1
new strain of influenza in and here in south florida the meningitis outbreak.,5,0,0,0,0,1
go to the on blow for the latest on the deadly meningitis outbreak at elementary school.,5,0,0,0,0,1
st joseph unit student with meningitis the major strain not cover by the. patient in florida meningitis outbreak be.,5,0,0,0,0,1
swine flu bird flu meningitis outbreak in sofa now malaria day be here pipe anyone for a world panic attack.,5,0,0,0,0,1
that the compassion center in agenda that be close due to a meningitis outbreak month ago have.,5,0,0,0,0,1
expert hopeful that spread of deadly meningitis outbreak be wednesday that they.,5,0,0,0,0,1
video oka meningitis outbreak concern oklahoma city school district free antonio.,5,0,0,0,0,1
think prayer to the family classmate of the who in the meningitis outbreak other be in the hospital.,5,0,0,0,0,1
doctor target meningitis outbreak in doctor without border on a massive vaccination.,5,0,0,0,0,1
break child now confirm dead and ill in tall elementary meningitis outbreak detail tonight on on.,5,0,0,0,0,1
unite nearly a dead in west african meningitis outbreak.,5,0,0,0,0,1
meningitis outbreak set probe at ohio university.,5,0,0,0,0,1
saw a report about meningitis outbreak in mimi and think of you hope all be safe.,5,0,0,0,0,1
i m get a very expensive meningitis vaccine tomorrow anyone know of any risk associate with.,2,0,0,1,0,0
i think the meningitis vaccine should b give to every high school student i mean have you see what those may.,2,0,0,1,0,0
i just get a meningitis vaccine shot be it suppose hurt a day.,2,0,0,1,0,0
i also have get a meningitis vaccine have go back for woodwork an exam.,2,0,0,1,0,0
i anna see the kitten but meningitis vaccine come first.,2,0,0,1,0,0
x. go get a bite of sleep before i get all shot tap and a meningococcal meningitis vaccine in a few hour night love.,2,0,0,1,0,0
so i belong to the of people who get sick from the yellow fever and meningitis vaccine,2,0,0,1,0,0
on mon lord about a meningitis vaccine can you tell me the name of it,2,0,0,1,0,0
i have a meningitis vaccine shot today can i get.,2,0,0,1,0,0
i never get back to your sweet how do your meningitis vaccine hopefully better than.,2,0,0,1,0,0
i hate have meningitis vaccine.,2,0,0,1,0,0
most vaccine may have some side effect on the person i after get a meningitis vaccine which have be test.,2,0,0,1,0,0
they show commercial for meningitis vaccine during ace of cake or close caution them when i mute the television.,2,0,0,1,0,0
i be wait on the he and meningitis vaccine but flu,2,0,0,1,0,0
so i get a meningitis vaccine before i come to be everything be ok.,2,0,0,1,0,0
who meningitis vaccine i love shot.,2,0,0,1,0,0
meningitis vaccine monthly test guy shed hurry i fall.,2,0,0,1,0,0
it be so important protect your health thank you for get the i be about get my meningitis vaccine.,2,0,0,1,0,0
so i go to the doctor today get the meningitis vaccine shot and my leave upper arm at the injection site still of.,2,0,0,1,0,0
my arm still where i get my meningitis vaccine in me,2,0,0,1,0,0
i get a meningitis vaccine,2,0,0,1,0,0
i get the meningitis vaccine in college it be go around and they give it for free.,2,0,0,1,0,0
i get my meningitis vaccine today my arm all red and puffy at the injection area just.,2,0,0,1,0,0
i be jaw them for the expensive meningitis vaccine.,2,0,0,1,0,0
the tuberculosis test that meningitis vaccine i take yesterday some annoy ass side effect.,2,0,0,1,0,0
i get the meningitis vaccine my arm.,2,0,0,1,0,0
s college frenchman live in form get the meningitis vaccine and student can opt i be pretty weary of vaccine.,2,0,0,1,0,0
i be do elias test help develop low cost meningitis vaccine for nice be involve in something this big.,2,0,0,1,0,0
that meningitis vaccine totally give me a sin my hand be near.,2,0,0,1,0,0
i never would have have you and your sister vaccine if you get cutis dont get the meningitis vaccine in college,2,0,0,1,0,0
tell her bring i be with the meningitis vaccine and ready kick some,2,0,0,1,0,0
curse you for a hold on me because i get my meningitis vaccine month too and now i have do it again.,2,0,0,1,0,0
any think out there on meningitis vaccine for a new college student wonder if i his he son get vaccine.,2,0,0,1,0,0
get and dog schedule for belated check top for all i totally forget brandon will need to for meningitis vaccine. donate to spinal research in memory of sam nail and.,2,0,0,1,0,0
find i need a meningitis vaccine,2,0,0,1,0,0
i get the meningitis vaccine and the he vaccine d. smile on mighty jesus spinal meningitis get me when.,2,0,0,1,0,0
i hate have meningitis vaccine injection oak,2,0,0,1,0,0